Bedrijfsnaam	Contactpersoon Voornaam	Contactpersoon Achternaam	Email	Telefoon	Functie Contact	Website	Stad	Provincie	Postcode	Deal Titel	Functietitel	Vacature URL	Datum Gevonden	Via Bemiddelaar
ASML	Sander	de Jong	warts+test1@recruitin.nl	612345001	HR Director	61.724	Veldhoven	Noord-Brabant	5900AA	ASML -  (Veldhoven)	Recruitment Manager tester	https://testproductie.nl/jobs/recruitment-manager	2025-11-21	
Philips	Emma	Jansen	warts+test2@recruitin.nl	612345002	Technical Recruiter	54.315	Eindhoven	Noord-Brabant	5504DR	Philips -  (Eindhoven)	Senior Software Engineer 123	https://www.asml.com/careers/senior-software-engineer	2025-11-21	
TomTom	Daan	de Vries	warts+test3@recruitin.nl	612345003	HR Business Partner	54.697	Amsterdam	Noord-Holland	5656AE	TomTom -  (Amsterdam)	Operations Manager specs	https://www.philips.com/careers/operations-manager	2025-11-21	
Booking.com	Sophie	van den Berg	warts+test4@recruitin.nl	612345004	Technical Lead	51.214	Amsterdam	Noord-Holland	3511AA	Booking.com -  (Amsterdam)	DevOps Engineer	https://www.randomit.nl/jobs/devops	2025-11-21	
Adyen	Lars	van Dijk	warts+test5@recruitin.nl	612345005	Technical Lead	51.214	Amsterdam	Noord-Holland	3511AA	Adyen -  (Amsterdam)	DevOps Engineer	https://www.randomit.nl/jobs/devops	2025-11-21	
Exact Software	Julia	Bakker	warts+test6@recruitin.nl	612345006	Technical Recruiter	54.315	Delft	Zuid-Holland	5504DR	Exact Software -  (Delft)	Senior Software Engineer	https://www.asml.com/careers/senior-software-engineer	2025-11-21	
MessageBird	Bram	Visser	warts+test7@recruitin.nl	612345007	HR Business Partner	54.697	Amsterdam	Noord-Holland	5656AE	MessageBird -  (Amsterdam)	Operations Manager	https://www.philips.com/careers/operations-manager	2025-11-21	
Mollie	Lisa	Smit	warts+test8@recruitin.nl	612345008	HR Business Partner	54.697	Amsterdam	Noord-Holland	5656AE	Mollie -  (Amsterdam)	Operations Manager	https://www.philips.com/careers/operations-manager	2025-11-21	
Elastic	Thijs	Meijer	warts+test9@recruitin.nl	612345009	HR Director	61.724	Amsterdam	Noord-Holland	5900AA	Elastic -  (Amsterdam)	Recruitment Manager tester	https://testproductie.nl/jobs/recruitment-manager	2025-11-21	
Optiver	Anna	de Boer	warts+test10@recruitin.nl	612345010	Technical Recruiter	54.315	Amsterdam	Noord-Holland	5504DR	Optiver -  (Amsterdam)	Senior Software Engineer 123	https://www.asml.com/careers/senior-software-engineer	2025-11-21	
IMC Trading	Luuk	Mulder	warts+test11@recruitin.nl	612345011	HR Business Partner	54.697	Amsterdam	Noord-Holland	5656AE	IMC Trading -  (Amsterdam)	Operations Manager specs	https://www.philips.com/careers/operations-manager	2025-11-21	
Cisco Systems	Eva	de Groot	warts+test12@recruitin.nl	612345012	HR Director	61.724	Amsterdam	Noord-Holland	5900AA	Cisco Systems -  (Amsterdam)	Recruitment Manager	https://testproductie.nl/jobs/recruitment-manager	2025-11-21	
IBM Nederland	Finn	Bos	warts+test13@recruitin.nl	612345013	Technical Recruiter	54.315	Amsterdam	Noord-Holland	5504DR	IBM Nederland -  (Amsterdam)	Senior Software Engineer	https://www.asml.com/careers/senior-software-engineer	2025-11-21	
Oracle Nederland	Fleur	Vos	warts+test14@recruitin.nl	612345014	HR Business Partner	54.697	Utrecht	Utrecht	5656AE	Oracle Nederland -  (Utrecht)	Operations Manager	https://www.philips.com/careers/operations-manager	2025-11-21	
SAP Nederland	Sem	Peters	warts+test15@recruitin.nl	612345015	Technical Lead	51.214	Den Bosch	Noord-Brabant	3511AA	SAP Nederland -  (Den Bosch)	DevOps Engineer	https://www.randomit.nl/jobs/devops	2025-11-21	
Cognizant	Lotte	Hendriks	warts+test16@recruitin.nl	612345016	Technical Lead	51.214	Amsterdam	Noord-Holland	3511AA	Cognizant -  (Amsterdam)	DevOps Engineer	https://www.randomit.nl/jobs/devops	2025-11-21	
Capgemini	Milan	van Leeuwen	warts+test17@recruitin.nl	612345017	Technical Recruiter	54.315	Utrecht	Utrecht	5504DR	Capgemini -  (Utrecht)	Senior Software Engineer	https://www.asml.com/careers/senior-software-engineer	2025-11-21	
Atos	Isa	Dekker	warts+test18@recruitin.nl	612345018	HR Business Partner	54.697	Eindhoven	Noord-Brabant	5656AE	Atos -  (Eindhoven)	Operations Manager	https://www.philips.com/careers/operations-manager	2025-11-21	
CGI Nederland	Stijn	Brouwer	warts+test19@recruitin.nl	612345019	HR Business Partner	54.697	Rotterdam	Zuid-Holland	5656AE	CGI Nederland -  (Rotterdam)	Operations Manager	https://www.philips.com/careers/operations-manager	2025-11-21	
Accenture	Noa	de Wit	warts+test20@recruitin.nl	612345020	HR Director	61.724	Amsterdam	Noord-Holland	5900AA	Accenture -  (Amsterdam)	Recruitment Manager tester	https://testproductie.nl/jobs/recruitment-manager	2025-11-21	
DAF Trucks	Ruben	Dijkstra	warts+test21@recruitin.nl	612345021	Technical Recruiter	54.315	Eindhoven	Noord-Brabant	5504DR	ASML - Senior Software Engineer 123 (Veldhoven)	Production Manager	https://www.asml.com/careers/senior-software-engineer	2025-11-21	
VDL Groep	Mila	Smits	warts+test22@recruitin.nl	612345022	HR Business Partner	54.697	Eindhoven	Noord-Brabant	5656AE	Philips - Operations Manager specs (Eindhoven)	Automation Engineer	https://www.philips.com/careers/operations-manager	2025-11-21	
Vanderlande	Jesse	de Graaf	warts+test23@recruitin.nl	612345023	Technical Lead	51.214	Veghel	Noord-Brabant	3511AA	Random IT BV - DevOps Engineer (Utrecht)	Logistics Systems Engineer	https://www.randomit.nl/jobs/devops	2025-11-21	
NXP Semiconductors	Sara	van der Meer	warts+test24@recruitin.nl	612345024	Technical Lead	51.214	Nijmegen	Gelderland	3511AA	Random IT BV - DevOps Engineer (Utrecht)	Chip Design Engineer	https://www.randomit.nl/jobs/devops	2025-11-21	
Thales Nederland	Tim	van der Linden	warts+test25@recruitin.nl	612345025	Technical Recruiter	54.315	Hengelo	Overijssel	5504DR	ASML - Senior Software Engineer (Veldhoven)	Defense Systems Engineer	https://www.asml.com/careers/senior-software-engineer	2025-11-21	
FEI Company	Evi	Kok	warts+test26@recruitin.nl	612345026	Technical Lead	51.214	Eindhoven	Noord-Brabant	3511AA	Random IT BV - DevOps Engineer (Utrecht)	Electron Microscopy Specialist	https://www.randomit.nl/jobs/devops	2025-11-21	
DEMCO	Thomas	Jacobs	warts+test27@recruitin.nl	612345027	Technical Recruiter	54.315	Oss	Noord-Brabant	5504DR	ASML - Senior Software Engineer (Veldhoven)	Industrial Automation Specialist	https://www.asml.com/careers/senior-software-engineer	2025-11-21	
Stork	Nina	de Haan	warts+test28@recruitin.nl	612345028	HR Business Partner	54.697	Utrecht	Utrecht	5656AE	Philips - Operations Manager (Eindhoven)	Technical Services Manager	https://www.philips.com/careers/operations-manager	2025-11-21	
Bosch Nederland	Max	Vermeulen	warts+test29@recruitin.nl	612345029	Technical Lead	51.214	Eindhoven	Noord-Brabant	3511AA	Random IT BV - DevOps Engineer (Utrecht)	Automotive Engineer	https://www.randomit.nl/jobs/devops	2025-11-21	
Siemens Nederland	Roos	van den Heuvel	warts+test30@recruitin.nl	612345030	HR Director	61.724	Den Haag	Zuid-Holland	5900AA	Test Productie NV - Recruitment Manager tester (Venlo)	Process Automation Engineer	https://testproductie.nl/jobs/recruitment-manager	2025-11-21	
Mitsubishi Electric	Lucas	van der Heijden	warts+test31@recruitin.nl	612345031	HR Director	51.214	Almere	Flevoland	3511AA	TestBedrijf Alpha BV - Corporate Recruiter Test 1 (UTRECHT)	Factory Automation Engineer	https://testbedrijf-alpha.nl/vacatures/recruiter-001	2025-11-21	
ASMI	Tess	Schouten	warts+test32@recruitin.nl	612345032	Operations Director	54.697	Almere	Flevoland	5611AA	TestBedrijf Beta BV - Corporate Recruiter Test 2 (EINDHOVEN)	Semiconductor Equipment Engineer	https://testbedrijf-beta.nl/vacatures/recruiter-002	2025-11-21	
Prodrive Technologies	Sam	van Beek	warts+test33@recruitin.nl	612345033	HR Manager	58.987	Son	Noord-Brabant	6811AA	TestBedrijf Gamma BV - Corporate Recruiter Test 3 (ARNHEM)	Embedded Systems Engineer	https://testbedrijf-gamma.nl/vacatures/recruiter-003	2025-11-21	
Neways Electronics	Lynn	Willems	warts+test34@recruitin.nl	612345034	Recruitment Lead	61.724	Son	Noord-Brabant	5911AA	TestBedrijf Delta BV - Corporate Recruiter Test 4 (VENLO)	Electronics Design Engineer	https://testbedrijf-delta.nl/vacatures/recruiter-004	2025-11-21	
Assembléon	Jayden	van Vliet	warts+test35@recruitin.nl	612345035	HR Business Partner	60.830	Veldhoven	Noord-Brabant	8011AA	TestBedrijf Epsilon BV - Corporate Recruiter Test 5 (ZWOLLE)	SMT Equipment Specialist	https://testbedrijf-epsilon.nl/vacatures/recruiter-005	2025-11-21	
Shell	Liv	de Bruin	warts+test36@recruitin.nl	612345036	Talent Acquisition Lead	54.714	Den Haag	Zuid-Holland	8232AA	TestBedrijf Zeta BV - Corporate Recruiter Test 6 (LELYSTAD)	Process Engineer	https://testbedrijf-zeta.nl/vacatures/recruiter-006	2025-11-21	
BP Nederland	Ryan	Hoekstra	warts+test37@recruitin.nl	612345037	People & Culture Director	53.878	Rotterdam	Zuid-Holland	3811AA	TestBedrijf Eta BV - Corporate Recruiter Test 7 (AMERSFOORT)	Refinery Operations Manager	https://testbedrijf-eta.nl/vacatures/recruiter-007	2025-11-21	
TotalEnergies	Iris	Maas	warts+test38@recruitin.nl	612345038	HR Director	53.048	Amsterdam	Noord-Holland	5211AA	TestBedrijf Theta BV - Corporate Recruiter Test 8 (DEN BOSCH)	Energy Trading Analyst	https://testbedrijf-theta.nl/vacatures/recruiter-008	2025-11-21	
Eneco	Levi	Verhoeven	warts+test39@recruitin.nl	612345039	Chief People Officer	58.531	Rotterdam	Zuid-Holland	6511AA	TestBedrijf Iota BV - Corporate Recruiter Test 9 (NIJMEGEN)	Renewable Energy Consultant	https://testbedrijf-iota.nl/vacatures/recruiter-009	2025-11-21	
Essent	Fenna	Koster	warts+test40@recruitin.nl	612345040	Recruitment Manager	56.910	Den Bosch	Noord-Brabant	6211AA	TestBedrijf Kappa BV - Corporate Recruiter Test 10 (MAASTRICHT)	Energy Market Analyst	https://testbedrijf-kappa.nl/vacatures/recruiter-010	2025-11-21	
Vattenfall	Noah	Prins	warts+test41@recruitin.nl	612345041	HR Director	51.214	Amsterdam	Noord-Holland	3511AA	TestBedrijf Alpha BV - Corporate Recruiter Test 1 (UTRECHT)	Wind Energy Engineer	https://testbedrijf-alpha.nl/vacatures/recruiter-001	2025-11-21	
Nuon	Elin	Blom	warts+test42@recruitin.nl	612345042	Operations Director	54.697	Amsterdam	Noord-Holland	5611AA	TestBedrijf Beta BV - Corporate Recruiter Test 2 (EINDHOVEN)	Power Plant Manager	https://testbedrijf-beta.nl/vacatures/recruiter-002	2025-11-21	
Gasunie	Julian	Huisman	warts+test43@recruitin.nl	612345043	HR Manager	58.987	Groningen	Groningen	6811AA	TestBedrijf Gamma BV - Corporate Recruiter Test 3 (ARNHEM)	Gas Infrastructure Engineer	https://testbedrijf-gamma.nl/vacatures/recruiter-003	2025-11-21	
TenneT	Amy	Peeters	warts+test44@recruitin.nl	612345044	Recruitment Lead	61.724	Arnhem	Gelderland	5911AA	TestBedrijf Delta BV - Corporate Recruiter Test 4 (VENLO)	Grid Operations Manager	https://testbedrijf-delta.nl/vacatures/recruiter-004	2025-11-21	
Alliander	Mees	de Jonge	warts+test45@recruitin.nl	612345045	HR Business Partner	60.830	Arnhem	Gelderland	8011AA	TestBedrijf Epsilon BV - Corporate Recruiter Test 5 (ZWOLLE)	Smart Grid Specialist	https://testbedrijf-epsilon.nl/vacatures/recruiter-005	2025-11-21	
ING	Vera	Kuipers	warts+test46@recruitin.nl	612345046	Talent Acquisition Lead	54.714	Amsterdam	Noord-Holland	8232AA	TestBedrijf Zeta BV - Corporate Recruiter Test 6 (LELYSTAD)	Risk Analyst	https://testbedrijf-zeta.nl/vacatures/recruiter-006	2025-11-21	
Rabobank	Gijs	van Veen	warts+test47@recruitin.nl	612345047	People & Culture Director	53.878	Utrecht	Utrecht	3811AA	TestBedrijf Eta BV - Corporate Recruiter Test 7 (AMERSFOORT)	Corporate Banking Manager	https://testbedrijf-eta.nl/vacatures/recruiter-007	2025-11-21	
ABN AMRO	Floor	Post	warts+test48@recruitin.nl	612345048	HR Director	53.048	Amsterdam	Noord-Holland	5211AA	TestBedrijf Theta BV - Corporate Recruiter Test 8 (DEN BOSCH)	Investment Advisor	https://testbedrijf-theta.nl/vacatures/recruiter-008	2025-11-21	
ASN Bank	Dylan	Kuiper	warts+test49@recruitin.nl	612345049	Chief People Officer	58.531	Den Haag	Zuid-Holland	6511AA	TestBedrijf Iota BV - Corporate Recruiter Test 9 (NIJMEGEN)	Sustainable Finance Specialist	https://testbedrijf-iota.nl/vacatures/recruiter-009	2025-11-21	
Triodos Bank	Noor	Veenstra	warts+test50@recruitin.nl	612345050	Recruitment Manager	56.910	Driebergen	Utrecht	6211AA	TestBedrijf Kappa BV - Corporate Recruiter Test 10 (MAASTRICHT)	Ethical Banking Advisor	https://testbedrijf-kappa.nl/vacatures/recruiter-010	2025-11-21	
De Volksbank	Floris	Kramer	warts+test51@recruitin.nl	612345051	HR Manager	58.987	Utrecht	Utrecht	6811AA	TestBedrijf Gamma BV - Corporate Recruiter Test 3 (ARNHEM)	Retail Banking Manager	https://testbedrijf-gamma.nl/vacatures/recruiter-003	2025-11-21	
Aegon	Amber	van den Broek	warts+test52@recruitin.nl	612345052	Recruitment Lead	61.724	Den Haag	Zuid-Holland	5911AA	TestBedrijf Delta BV - Corporate Recruiter Test 4 (VENLO)	Pension Fund Manager	https://testbedrijf-delta.nl/vacatures/recruiter-004	2025-11-21	
NN Group	Tom	van der Wal	warts+test53@recruitin.nl	612345053	HR Business Partner	60.830	Den Haag	Zuid-Holland	8011AA	TestBedrijf Epsilon BV - Corporate Recruiter Test 5 (ZWOLLE)	Insurance Product Manager	https://testbedrijf-epsilon.nl/vacatures/recruiter-005	2025-11-21	
Delta Lloyd	Puck	Vink	warts+test54@recruitin.nl	612345054	Talent Acquisition Lead	54.714	Amsterdam	Noord-Holland	8232AA	TestBedrijf Zeta BV - Corporate Recruiter Test 6 (LELYSTAD)	Claims Manager	https://testbedrijf-zeta.nl/vacatures/recruiter-006	2025-11-21	
APG	Teun	de Ruiter	warts+test55@recruitin.nl	612345055	People & Culture Director	53.878	Heerlen	Limburg	3811AA	TestBedrijf Eta BV - Corporate Recruiter Test 7 (AMERSFOORT)	Asset Manager	https://testbedrijf-eta.nl/vacatures/recruiter-007	2025-11-21	
PGGM	Saar	Timmermans	warts+test56@recruitin.nl	612345056	HR Director	53.048	Zeist	Utrecht	5211AA	TestBedrijf Theta BV - Corporate Recruiter Test 8 (DEN BOSCH)	Pension Investment Analyst	https://testbedrijf-theta.nl/vacatures/recruiter-008	2025-11-21	
BNP Paribas Fortis	Cas	Groen	warts+test57@recruitin.nl	612345057	Chief People Officer	58.531	Rotterdam	Zuid-Holland	6511AA	TestBedrijf Iota BV - Corporate Recruiter Test 9 (NIJMEGEN)	Corporate Finance Analyst	https://testbedrijf-iota.nl/vacatures/recruiter-009	2025-11-21	
Deutsche Bank Nederland	Sofie	Gerritsen	warts+test58@recruitin.nl	612345058	HR Director	61.724	Amsterdam	Noord-Holland	5900AA	Test Productie NV - Recruitment Manager tester (Venlo)	Trading Analyst	https://testproductie.nl/jobs/recruitment-manager	2025-11-21	
Credit Suisse	Jasper	Jonker	warts+test59@recruitin.nl	612345059	Technical Recruiter	54.315	Amsterdam	Noord-Holland	5504DR	ASML - Senior Software Engineer 123 (Veldhoven)	Wealth Manager	https://www.asml.com/careers/senior-software-engineer	2025-11-21	
Goldman Sachs	Zoë	van Loon	warts+test60@recruitin.nl	612345060	HR Business Partner	54.697	Amsterdam	Noord-Holland	5656AE	Philips - Operations Manager specs (Eindhoven)	Investment Banking Analyst	https://www.philips.com/careers/operations-manager	2025-11-21	
Albert Heijn	Hugo	Bosch	warts+test61@recruitin.nl	612345061	Technical Lead	51.214	Zaandam	Utrecht	3511AA	Random IT BV - DevOps Engineer (Utrecht)	DevOps Engineer	https://www.randomit.nl/jobs/devops	2025-11-21	
Jumbo	Luna	van Vugt	warts+test62@recruitin.nl	612345062	Technical Lead	51.214	Veghel	Utrecht	3511AA	Random IT BV - DevOps Engineer (Utrecht)	DevOps Engineer	https://www.randomit.nl/jobs/devops	2025-11-21	
Bol.com	Stan	van Dongen	warts+test63@recruitin.nl	612345063	Technical Recruiter	54.315	Utrecht	Noord-Brabant	5504DR	ASML - Senior Software Engineer (Veldhoven)	Senior Software Engineer	https://www.asml.com/careers/senior-software-engineer	2025-11-21	
Coolblue	Maud	Hermans	warts+test64@recruitin.nl	612345064	HR Business Partner	54.697	Rotterdam	Noord-Brabant	5656AE	Philips - Operations Manager (Eindhoven)	Operations Manager	https://www.philips.com/careers/operations-manager	2025-11-21	
Wehkamp	Dex	Meijers	warts+test65@recruitin.nl	612345065	HR Business Partner	54.697	Zwolle	Noord-Brabant	5656AE	Philips - Operations Manager (Eindhoven)	Operations Manager	https://www.philips.com/careers/operations-manager	2025-11-21	
Rituals	Julie	van der Ven	warts+test66@recruitin.nl	612345066	HR Director	61.724	Amsterdam	Limburg	5900AA	Test Productie NV - Recruitment Manager tester (Venlo)	Recruitment Manager tester	https://testproductie.nl/jobs/recruitment-manager	2025-11-21	
HEMA	Nick	Evers	warts+test67@recruitin.nl	612345067	Technical Recruiter	54.315	Amsterdam	Noord-Brabant	5504DR	ASML - Senior Software Engineer 123 (Veldhoven)	Senior Software Engineer 123	https://www.asml.com/careers/senior-software-engineer	2025-11-21	
Action	Lieke	van den Bosch	warts+test68@recruitin.nl	612345068	HR Business Partner	54.697	Zwaagdijk	Noord-Brabant	5656AE	Philips - Operations Manager specs (Eindhoven)	Operations Manager specs	https://www.philips.com/careers/operations-manager	2025-11-21	
Kruidvat	Koen	van der Horst	warts+test69@recruitin.nl	612345069	HR Director	61.724	Renswoude	Limburg	5900AA	Test Productie NV - Recruitment Manager (Venlo)	Recruitment Manager	https://testproductie.nl/jobs/recruitment-manager	2025-11-21	
Etos	Fien	van Wijk	warts+test70@recruitin.nl	612345070	Technical Recruiter	54.315	Amsterdam	Noord-Brabant	5504DR	ASML - Senior Software Engineer (Veldhoven)	Senior Software Engineer	https://www.asml.com/careers/senior-software-engineer	2025-11-21	
Blokker	Joep	Scholten	warts+test71@recruitin.nl	612345071	HR Business Partner	54.697	Amsterdam	Noord-Brabant	5656AE	Philips - Operations Manager (Eindhoven)	Operations Manager	https://www.philips.com/careers/operations-manager	2025-11-21	
MediaMarkt	Lara	van Leeuwen	warts+test72@recruitin.nl	612345072	Technical Lead	51.214	Amsterdam	Utrecht	3511AA	Random IT BV - DevOps Engineer (Utrecht)	DevOps Engineer	https://www.randomit.nl/jobs/devops	2025-11-21	
Decathlon	Jens	de Lange	warts+test73@recruitin.nl	612345073	Technical Lead	51.214	Tilburg	Utrecht	3511AA	Random IT BV - DevOps Engineer (Utrecht)	DevOps Engineer	https://www.randomit.nl/jobs/devops	2025-11-21	
IKEA	Fay	de Vos	warts+test74@recruitin.nl	612345074	Technical Recruiter	54.315	Delft	Noord-Brabant	5504DR	ASML - Senior Software Engineer (Veldhoven)	Senior Software Engineer	https://www.asml.com/careers/senior-software-engineer	2025-11-21	
Zara	Bas	Boer	warts+test75@recruitin.nl	612345075	HR Business Partner	54.697	Amsterdam	Noord-Brabant	5656AE	Philips - Operations Manager (Eindhoven)	Operations Manager	https://www.philips.com/careers/operations-manager	2025-11-21	
Unilever	Anouk	van Dijk	warts+test76@recruitin.nl	612345076	HR Business Partner	54.697	Rotterdam	Noord-Brabant	5656AE	Philips - Operations Manager (Eindhoven)	Operations Manager	https://www.philips.com/careers/operations-manager	2025-11-21	
Heineken	Owen	Hoogendoorn	warts+test77@recruitin.nl	612345077	HR Director	61.724	Amsterdam	Limburg	5900AA	Test Productie NV - Recruitment Manager tester (Venlo)	Recruitment Manager tester	https://testproductie.nl/jobs/recruitment-manager	2025-11-21	
FrieslandCampina	Ties	Martens	warts+test78@recruitin.nl	612345078	Technical Recruiter	54.315	Amersfoort	Noord-Brabant	5504DR	ASML - Senior Software Engineer 123 (Veldhoven)	Senior Software Engineer 123	https://www.asml.com/careers/senior-software-engineer	2025-11-21	
Ahold Delhaize	Boaz	Kool	warts+test79@recruitin.nl	612345079	HR Business Partner	54.697	Zaandam	Noord-Brabant	5656AE	Philips - Operations Manager specs (Eindhoven)	Operations Manager specs	https://www.philips.com/careers/operations-manager	2025-11-21	
Heinz	Vince	Zwart	warts+test80@recruitin.nl	612345080	Technical Lead	51.214	Nijmegen	Utrecht	3511AA	Random IT BV - DevOps Engineer (Utrecht)	DevOps Engineer	https://www.randomit.nl/jobs/devops	2025-11-21	
Mars Nederland	Mick	van Rijn	warts+test81@recruitin.nl	612345081	Technical Lead	51.214	Veghel	Utrecht	3511AA	Random IT BV - DevOps Engineer (Utrecht)	DevOps Engineer	https://www.randomit.nl/jobs/devops	2025-11-21	
Coca-Cola Nederland	Rick	Klaassen	warts+test82@recruitin.nl	612345082	Technical Recruiter	54.315	Dongen	Noord-Brabant	5504DR	ASML - Senior Software Engineer (Veldhoven)	Senior Software Engineer	https://www.asml.com/careers/senior-software-engineer	2025-11-21	
Pepsico	Lars	Molenaar	warts+test83@recruitin.nl	612345083	Technical Lead	51.214	Utrecht	Utrecht	3511AA	Random IT BV - DevOps Engineer (Utrecht)	DevOps Engineer	https://www.randomit.nl/jobs/devops	2025-11-21	
Douwe Egberts	Abel	Koning	warts+test84@recruitin.nl	612345084	Technical Recruiter	54.315	Utrecht	Noord-Brabant	5504DR	ASML - Senior Software Engineer (Veldhoven)	Senior Software Engineer	https://www.asml.com/careers/senior-software-engineer	2025-11-21	
Red Bull Nederland	Tygo	van den Berg	warts+test85@recruitin.nl	612345085	HR Business Partner	54.697	Amsterdam	Noord-Brabant	5656AE	Philips - Operations Manager (Eindhoven)	Operations Manager	https://www.philips.com/careers/operations-manager	2025-11-21	
KLM	Oliver	Sanders	warts+test86@recruitin.nl	612345086	Technical Lead	51.214	Amstelveen	Utrecht	3511AA	Random IT BV - DevOps Engineer (Utrecht)	DevOps Engineer	https://www.randomit.nl/jobs/devops	2025-11-21	
NS	Benjamin	van Dam	warts+test87@recruitin.nl	612345087	HR Director	61.724	Utrecht	Limburg	5900AA	Test Productie NV - Recruitment Manager tester (Venlo)	Recruitment Manager tester	https://testproductie.nl/jobs/recruitment-manager	2025-11-21	
ProRail	Jack	van der Velden	warts+test88@recruitin.nl	612345088	Technical Recruiter	54.315	Utrecht	Noord-Brabant	5504DR	ASML - Senior Software Engineer 123 (Veldhoven)	Senior Software Engineer 123	https://www.asml.com/careers/senior-software-engineer	2025-11-21	
PostNL	Quinn	Brinkman	warts+test89@recruitin.nl	612345089	HR Business Partner	54.697	Den Haag	Noord-Brabant	5656AE	Philips - Operations Manager specs (Eindhoven)	Operations Manager specs	https://www.philips.com/careers/operations-manager	2025-11-21	
DHL Nederland	Suus	van Es	warts+test90@recruitin.nl	612345090	Technical Lead	51.214	Utrecht	Utrecht	3511AA	Random IT BV - DevOps Engineer (Utrecht)	DevOps Engineer	https://www.randomit.nl/jobs/devops	2025-11-21	
Maersk	Jasmijn	de Wild	warts+test91@recruitin.nl	612345091	Technical Lead	51.214	Rotterdam	Utrecht	3511AA	Random IT BV - DevOps Engineer (Utrecht)	DevOps Engineer	https://www.randomit.nl/jobs/devops	2025-11-21	
Vopak	Elise	Elias	warts+test92@recruitin.nl	612345092	Technical Recruiter	54.315	Rotterdam	Noord-Brabant	5504DR	ASML - Senior Software Engineer (Veldhoven)	Senior Software Engineer	https://www.asml.com/careers/senior-software-engineer	2025-11-21	
Schiphol Group	Rosa	Rijnders	warts+test93@recruitin.nl	612345093	Technical Lead	51.214	Schiphol	Utrecht	3511AA	Random IT BV - DevOps Engineer (Utrecht)	DevOps Engineer	https://www.randomit.nl/jobs/devops	2025-11-21	
Rotterdam Port Authority	Liv	Stoop	warts+test94@recruitin.nl	612345094	Technical Recruiter	54.315	Rotterdam	Noord-Brabant	5504DR	ASML - Senior Software Engineer (Veldhoven)	Senior Software Engineer	https://www.asml.com/careers/senior-software-engineer	2025-11-21	
Connexxion	Ivy	Timmer	warts+test95@recruitin.nl	612345095	HR Business Partner	54.697	Hilversum	Noord-Brabant	5656AE	Philips - Operations Manager (Eindhoven)	Operations Manager	https://www.philips.com/careers/operations-manager	2025-11-21	
Pfizer Nederland	Fem	Wolters	warts+test96@recruitin.nl	612345096	Technical Lead	51.214	Capelle aan den IJssel	Utrecht	3511AA	Random IT BV - DevOps Engineer (Utrecht)	DevOps Engineer	https://www.randomit.nl/jobs/devops	2025-11-21	
Johnson & Johnson	Fay	Beek	warts+test97@recruitin.nl	612345097	HR Director	61.724	Breda	Limburg	5900AA	Test Productie NV - Recruitment Manager tester (Venlo)	Recruitment Manager tester	https://testproductie.nl/jobs/recruitment-manager	2025-11-21	
Merck Sharp & Dohme	Jill	Veldman	warts+test98@recruitin.nl	612345098	Technical Recruiter	54.315	Haarlem	Noord-Brabant	5504DR	ASML - Senior Software Engineer 123 (Veldhoven)	Senior Software Engineer 123	https://www.asml.com/careers/senior-software-engineer	2025-11-21	
Roche Nederland	Lauren	Mol	warts+test99@recruitin.nl	612345099	HR Business Partner	54.697	Woerden	Noord-Brabant	5656AE	Philips - Operations Manager specs (Eindhoven)	Operations Manager specs	https://www.philips.com/careers/operations-manager	2025-11-21	
Novartis	Quinn	Schipper	warts+test100@recruitin.nl	612345100	Technical Lead	51.214	Amsterdam	Utrecht	3511AA	Random IT BV - DevOps Engineer (Utrecht)	DevOps Engineer	https://www.randomit.nl/jobs/devops	2025-11-21	
Random IT BV	Peter	 Jansen	warts+test9@recruitin.nl	645678901	Technical Lead	51.214	Utrecht	Utrecht	3511AA	Random IT BV - DevOps Engineer (Utrecht)	DevOps Engineer	https://www.randomit.nl/jobs/devops	2025-11-16	
ASML	Lisa	van Dijk	warts+test9@recruitin.nl	640123456	Technical Recruiter	54.315	Veldhoven	Noord-Brabant	5504DR	ASML - Senior Software Engineer (Veldhoven)	Senior Software Engineer	https://www.asml.com/careers/senior-software-engineer	2025-11-18	
Random IT BV	Peter	 Jansen	warts+test9@recruitin.nl	645678901	Technical Lead	51.214	Utrecht	Utrecht	3511AA	Random IT BV - DevOps Engineer (Utrecht)	DevOps Engineer	https://www.randomit.nl/jobs/devops	2025-11-16	
ASML	Lisa	van Dijk	warts+test9@recruitin.nl	640123456	Technical Recruiter	54.315	Veldhoven	Noord-Brabant	5504DR	ASML - Senior Software Engineer (Veldhoven)	Senior Software Engineer	https://www.asml.com/careers/senior-software-engineer	2025-11-18	
Philips	Mark	de Vries	warts+test9@recruitin.nl	631234567	HR Business Partner	54.697	Eindhoven	Noord-Brabant	5656AE	Philips - Operations Manager (Eindhoven)	Operations Manager	https://www.philips.com/careers/operations-manager	2025-11-17	
Random IT BV	Peter	 Jansen	warts+test9@recruitin.nl	645678901	Technical Lead	51.214	Utrecht	Utrecht	3511AA	Random IT BV - DevOps Engineer (Utrecht)	DevOps Engineer	https://www.randomit.nl/jobs/devops	2025-11-16	
ASML	Lisa	van Dijk	warts+test9@recruitin.nl	640123456	Technical Recruiter	54.315	Veldhoven	Noord-Brabant	5504DR	ASML - Senior Software Engineer 123 (Veldhoven)	Senior Software Engineer 123	https://www.asml.com/careers/senior-software-engineer	2025-11-18	
Philips	Mark	de Vries	warts+test9@recruitin.nl	631234567	HR Business Partner	54.697	Eindhoven	Noord-Brabant	5656AE	Philips - Operations Manager specs (Eindhoven)	Operations Manager specs	https://www.philips.com/careers/operations-manager	2025-11-17	
Random IT BV	Peter	 Jansen	warts+test9@recruitin.nl	645678901	Technical Lead	51.214	Utrecht	Utrecht	3511AA	Random IT BV - DevOps Engineer (Utrecht)	DevOps Engineer	https://www.randomit.nl/jobs/devops	2025-11-16	
Random IT BV	Peter	 Jansen	warts+test9@recruitin.nl	645678901	Technical Lead	51.214	Utrecht	Utrecht	3511AA	Random IT BV - DevOps Engineer (Utrecht)	DevOps Engineer	https://www.randomit.nl/jobs/devops	2025-11-16	
ASML	Lisa	van Dijk	warts+test9@recruitin.nl	640123456	Technical Recruiter	54.315	Veldhoven	Noord-Brabant	5504DR	ASML - Senior Software Engineer (Veldhoven)	Senior Software Engineer	https://www.asml.com/careers/senior-software-engineer	2025-11-18	
Random IT BV	Peter	 Jansen	warts+test9@recruitin.nl	645678901	Technical Lead	51.214	Utrecht	Utrecht	3511AA	Random IT BV - DevOps Engineer (Utrecht)	DevOps Engineer	https://www.randomit.nl/jobs/devops	2025-11-16	
ASML	Lisa	van Dijk	warts+test9@recruitin.nl	640123456	Technical Recruiter	54.315	Veldhoven	Noord-Brabant	5504DR	ASML - Senior Software Engineer (Veldhoven)	Senior Software Engineer	https://www.asml.com/careers/senior-software-engineer	2025-11-18	
Philips	Mark	de Vries	warts+test9@recruitin.nl	631234567	HR Business Partner	54.697	Eindhoven	Noord-Brabant	5656AE	Philips - Operations Manager (Eindhoven)	Operations Manager	https://www.philips.com/careers/operations-manager	2025-11-17	
Random IT BV	Peter	 Jansen	warts+test9@recruitin.nl	645678901	Technical Lead	51.214	Utrecht	Utrecht	3511AA	Random IT BV - DevOps Engineer (Utrecht)	DevOps Engineer	https://www.randomit.nl/jobs/devops	2025-11-16	
DAF Trucks	Sandra	Vermeulen	warts+test11@recruitin.nl	640987654	Operations Director	https://www.daftrucks.com	Eindhoven	Noord-Brabant	5600AH	DAF Trucks - Fleet Manager (Eindhoven)	Fleet Manager	https://www.daftrucks.com/careers/fleet-manager	2025-11-20	
Vanderlande	Thomas	Jansen	warts+test12@recruitin.nl	625123456	HR Manager	https://www.vanderlande.com	Veghel	Noord-Brabant	5461JA	Vanderlande - Supply Chain Consultant (Veghel)	Supply Chain Consultant	https://www.vanderlande.com/careers/supply-chain	2025-11-20	
VDL Groep	Linda	van der Berg	warts+test13@recruitin.nl	638765432	Technical Recruiter	https://www.vdlgroep.com	Eindhoven	Noord-Brabant	5657EA	VDL Groep - Mechatronics Engineer (Eindhoven)	Mechatronics Engineer	https://www.vdlgroep.com/careers/mechatronics	2025-11-20	
Exact Software	Mark	Pietersen	warts+test14@recruitin.nl	615234567	Lead Recruiter	https://www.exact.com	Delft	Zuid-Holland	2611HB	Exact Software - Senior Backend Developer (Delft)	Senior Backend Developer	https://www.exact.com/careers/backend-dev	2025-11-19	
NXP Semiconductors	Robert	de Jong	warts+test15@recruitin.nl	624567890	Talent Acquisition Specialist	https://www.nxp.com	Nijmegen	Gelderland	6534AT	NXP Semiconductors - Hardware Architect (Nijmegen)	Hardware Architect	https://www.nxp.com/careers/hardware-architect	2025-11-19	
Thales Nederland	Jessica	Bakker	warts+test16@recruitin.nl	653456789	HR Business Partner	https://www.thalesgroup.com	Hengelo	Overijssel	7554PA	Thales Nederland - Cyber Security Specialist (Hengelo)	Cyber Security Specialist	https://www.thalesgroup.com/nl/careers/cyber-security	2025-11-19	
Coolblue	David	Smit	warts+test17@recruitin.nl	610234567	People & Culture Lead	https://www.coolblue.nl	Rotterdam	Zuid-Holland	3021AD	Coolblue - E-commerce Manager (Rotterdam)	E-commerce Manager	https://www.coolblue.nl/werken-bij/e-commerce-manager	2025-11-19	
Rituals	Anne	Hendriks	warts+test18@recruitin.nl	621345678	Retail HR Manager	https://www.rituals.com	Amsterdam	Noord-Holland	1017ZN	Rituals - Store Manager (Amsterdam)	Store Manager	https://www.rituals.com/careers/store-manager	2025-11-18	Tempo-Team
bol.com	Frank	Mulder	warts+test19@recruitin.nl	634567890	Tech Talent Partner	https://www.bol.com	Utrecht	Utrecht	3532AD	bol.com - Product Owner (Utrecht)	Product Owner	https://careers.bol.com/product-owner	2025-11-18	
Rabobank	Monique	Visser	warts+test20@recruitin.nl	643210987	Senior Recruiter	https://www.rabobank.nl	Utrecht	Utrecht	3521CB	Rabobank - Business Analyst (Utrecht)	Business Analyst	https://www.rabobank.nl/careers/business-analyst	2025-11-18	
ING	Patrick	de Vries	warts+test21@recruitin.nl	656789012	Agile Talent Lead	https://www.ing.nl	Amsterdam	Noord-Holland	1082PP	ING - Scrum Master (Amsterdam)	Scrum Master	https://www.ing.nl/careers/scrum-master	2025-11-17	
NS (Nederlandse Spoorwegen)	Karin	Willemse	warts+test22@recruitin.nl	612987654	HR Advisor	https://www.ns.nl	Utrecht	Utrecht	3511EP	NS - Project Manager Infrastructuur (Utrecht)	Project Manager Infrastructuur	https://www.werkenvoorns.nl/project-manager	2025-11-17	
Eneco	Stefan	Dijkstra	warts+test23@recruitin.nl	625678901	Recruitment Specialist	https://www.eneco.nl	Rotterdam	Zuid-Holland	3011AD	Eneco - Energy Transition Consultant (Rotterdam)	Energy Transition Consultant	https://www.eneco.nl/careers/energy-consultant	2025-11-17	
Booking.com	Emily	van Leeuwen	warts+test24@recruitin.nl	638901234	Design Recruiter	https://www.booking.com	Amsterdam	Noord-Holland	1097DN	Booking.com - UX Designer (Amsterdam)	UX Designer	https://careers.booking.com/ux-designer	2025-11-16	
TomTom	Jeroen	Kuipers	warts+test25@recruitin.nl	641234567	Tech Talent Scout	https://www.tomtom.com	Amsterdam	Noord-Holland	1096AC	TomTom - iOS Developer (Amsterdam)	iOS Developer	https://www.tomtom.com/careers/ios-developer	2025-11-16	